[{"model": "persons.person", "pk": 2, "fields": {"image": "default.jpg", "ssn": "98712345", "birthDate": "1980-12-10T08:12:37Z"}}, {"model": "persons.person", "pk": 4, "fields": {"image": "default.jpg", "ssn": "98712346", "birthDate": null}}, {"model": "persons.person", "pk": 8, "fields": {"image": "default.jpg", "ssn": "", "birthDate": null}}, {"model": "persons.person", "pk": 29, "fields": {"image": "default.jpg", "ssn": "9871234604", "birthDate": null}}, {"model": "persons.person", "pk": 30, "fields": {"image": "default.jpg", "ssn": "9871234645", "birthDate": null}}, {"model": "persons.person", "pk": 31, "fields": {"image": "default.jpg", "ssn": "1234567890", "birthDate": null}}, {"model": "persons.person", "pk": 32, "fields": {"image": "default.jpg", "ssn": "1234567890", "birthDate": null}}, {"model": "persons.person", "pk": 39, "fields": {"image": "default.jpg", "ssn": "1234567890", "birthDate": null}}, {"model": "persons.person", "pk": 40, "fields": {"image": "default.jpg", "ssn": "1234567890", "birthDate": null}}, {"model": "persons.person", "pk": 41, "fields": {"image": "default.jpg", "ssn": "1234567890", "birthDate": null}}, {"model": "persons.person", "pk": 42, "fields": {"image": "default.jpg", "ssn": "", "birthDate": null}}, {"model": "persons.person", "pk": 43, "fields": {"image": "default.jpg", "ssn": "1234567890", "birthDate": null}}, {"model": "persons.person", "pk": 44, "fields": {"image": "default.jpg", "ssn": "1234567890", "birthDate": null}}, {"model": "persons.person", "pk": 45, "fields": {"image": "default.jpg", "ssn": "1234567890", "birthDate": null}}, {"model": "persons.person", "pk": 46, "fields": {"image": "default.jpg", "ssn": "1234567890", "birthDate": null}}, {"model": "persons.person", "pk": 48, "fields": {"image": "default.jpg", "ssn": "", "birthDate": null}}, {"model": "persons.person", "pk": 49, "fields": {"image": "default.jpg", "ssn": "1234567891", "birthDate": null}}, {"model": "persons.person", "pk": 50, "fields": {"image": "default.jpg", "ssn": "9871234511", "birthDate": null}}, {"model": "persons.member", "pk": 4, "fields": {"firstName": "Mark", "middleName": null, "lastName": "Zuckerberg", "diagnosis": "PTSD", "intakeDate": "2020-05-01T01:28:19Z", "psychEval": "", "notes": "", "dischargeDate": null}}, {"model": "persons.member", "pk": 29, "fields": {"firstName": "Jean", "middleName": "H", "lastName": "Suarez", "diagnosis": "", "intakeDate": "2020-08-09T05:55:10.759Z", "psychEval": null, "notes": null, "dischargeDate": null}}, {"model": "persons.member", "pk": 30, "fields": {"firstName": "Jean", "middleName": "H", "lastName": "Suarez", "diagnosis": "PTSD", "intakeDate": "2020-08-09T05:58:52.500Z", "psychEval": null, "notes": null, "dischargeDate": null}}, {"model": "persons.member", "pk": 31, "fields": {"firstName": "Jean", "middleName": "H", "lastName": "Suarez", "diagnosis": "PTSD", "intakeDate": "2020-08-09T06:06:43.685Z", "psychEval": null, "notes": null, "dischargeDate": null}}, {"model": "persons.member", "pk": 32, "fields": {"firstName": "Jean", "middleName": "H", "lastName": "Suarez", "diagnosis": "PSTD", "intakeDate": "2020-08-09T06:08:38.988Z", "psychEval": null, "notes": null, "dischargeDate": null}}, {"model": "persons.member", "pk": 39, "fields": {"firstName": "Jean", "middleName": "H", "lastName": "Suarez", "diagnosis": "", "intakeDate": "2020-08-09T06:29:57.846Z", "psychEval": null, "notes": null, "dischargeDate": null}}, {"model": "persons.member", "pk": 40, "fields": {"firstName": "Jean", "middleName": "H", "lastName": "Suarez", "diagnosis": "PTSD", "intakeDate": "2020-08-09T06:31:46Z", "psychEval": "", "notes": "", "dischargeDate": null}}, {"model": "persons.member", "pk": 41, "fields": {"firstName": "Jean", "middleName": "H", "lastName": "Suarez", "diagnosis": "PSTD", "intakeDate": "2020-08-09T09:30:50.543Z", "psychEval": null, "notes": null, "dischargeDate": null}}, {"model": "persons.member", "pk": 43, "fields": {"firstName": "James", "middleName": "H", "lastName": "Bond", "diagnosis": "PTSD", "intakeDate": "2020-08-10T04:15:53.118Z", "psychEval": null, "notes": null, "dischargeDate": null}}, {"model": "persons.member", "pk": 44, "fields": {"firstName": "James", "middleName": "J", "lastName": "Bond", "diagnosis": "PSTD", "intakeDate": "2020-08-10T04:21:01.081Z", "psychEval": null, "notes": null, "dischargeDate": null}}, {"model": "persons.member", "pk": 45, "fields": {"firstName": "Jean", "middleName": "H", "lastName": "Lennon", "diagnosis": "PSTD", "intakeDate": "2020-08-10T04:21:49.408Z", "psychEval": null, "notes": null, "dischargeDate": null}}, {"model": "persons.member", "pk": 46, "fields": {"firstName": "Paul", "middleName": "P", "lastName": "Stephen", "diagnosis": "PTSD", "intakeDate": "2020-08-10T04:23:01.677Z", "psychEval": null, "notes": null, "dischargeDate": null}}, {"model": "persons.member", "pk": 48, "fields": {"firstName": "Jean", "middleName": "He", "lastName": "Suarez", "diagnosis": "Diag", "intakeDate": "2020-08-10T06:48:14.221Z", "psychEval": null, "notes": null, "dischargeDate": null}}, {"model": "persons.member", "pk": 49, "fields": {"firstName": "Bob", "middleName": "M", "lastName": "Dylan", "diagnosis": "PTSD", "intakeDate": "2020-08-13T07:17:53.500Z", "psychEval": null, "notes": null, "dischargeDate": null}}, {"model": "persons.member", "pk": 50, "fields": {"firstName": "Pandemic", "middleName": "Mask", "lastName": "Social Distancing", "diagnosis": "Schizophrenia", "intakeDate": "2020-08-13T08:21:33.950Z", "psychEval": null, "notes": null, "dischargeDate": null}}, {"model": "persons.employee", "pk": 2, "fields": {"user": 2, "jobtitle": "Psych Rehab", "salary": "55,000", "startDate": "2020-04-30T08:11:54Z", "educAttainment": null, "otherInfo": ""}}, {"model": "persons.employee", "pk": 8, "fields": {"user": 6, "jobtitle": "", "salary": "", "startDate": "2020-08-09T02:44:46.132Z", "educAttainment": null, "otherInfo": null}}, {"model": "persons.employee", "pk": 42, "fields": {"user": 7, "jobtitle": "", "salary": "", "startDate": "2020-08-10T03:57:35.334Z", "educAttainment": null, "otherInfo": null}}, {"model": "logsheet.logpost", "pk": 15, "fields": {"member": 4, "signIn": "2020-05-01T01:29:08Z", "signOut": "2020-05-01T00:26:41Z", "duration": -62.45}}, {"model": "logsheet.logpost", "pk": 21, "fields": {"member": 32, "signIn": "2020-08-09T08:59:28Z", "signOut": "2020-08-09T09:02:10.306Z", "duration": 2.7051011}}, {"model": "logsheet.logpost", "pk": 23, "fields": {"member": 39, "signIn": "2020-08-09T09:01:21.262Z", "signOut": "2020-08-09T09:04:08.864Z", "duration": 2.793352333333333}}, {"model": "logsheet.logpost", "pk": 26, "fields": {"member": 43, "signIn": "2020-08-10T04:24:33.698Z", "signOut": "2020-08-10T04:25:53.631Z", "duration": 1.3322232666666667}}, {"model": "logsheet.logpost", "pk": 27, "fields": {"member": 43, "signIn": "2020-08-10T04:28:56.118Z", "signOut": "2020-08-10T04:35:20.937Z", "duration": 6.413648066666667}}, {"model": "logsheet.logpost", "pk": 31, "fields": {"member": 4, "signIn": "2020-08-10T04:46:02.596Z", "signOut": "2020-08-10T04:51:29.316Z", "duration": 5.4453293}}, {"model": "logsheet.logpost", "pk": 33, "fields": {"member": 29, "signIn": "2020-08-10T04:55:13.719Z", "signOut": "2020-08-10T04:58:04.715Z", "duration": 2.8499373}}, {"model": "logsheet.logpost", "pk": 35, "fields": {"member": 29, "signIn": "2020-08-12T04:48:45.067Z", "signOut": "2020-08-12T05:02:36.647Z", "duration": 13.859659466666667}}, {"model": "logsheet.logpost", "pk": 37, "fields": {"member": 46, "signIn": "2020-08-12T04:49:11.030Z", "signOut": "2020-08-12T05:02:26.545Z", "duration": 13.258581349999998}}, {"model": "logsheet.logpost", "pk": 38, "fields": {"member": 43, "signIn": "2020-08-12T04:49:17.171Z", "signOut": "2020-08-12T05:02:22.402Z", "duration": 13.087182166666667}}, {"model": "logsheet.logpost", "pk": 39, "fields": {"member": 50, "signIn": "2020-08-13T09:21:31.368Z", "signOut": "2020-08-13T09:21:56.081Z", "duration": 0.4118813666666667}}, {"model": "logsheet.logpost", "pk": 40, "fields": {"member": 49, "signIn": "2020-08-13T09:22:21.633Z", "signOut": "2020-08-13T09:29:40.132Z", "duration": 7.308317016666667}}, {"model": "logsheet.logpost", "pk": 41, "fields": {"member": 30, "signIn": "2020-08-13T09:25:23.317Z", "signOut": "2020-08-13T09:26:04.799Z", "duration": 0.6913565333333334}}, {"model": "logsheet.logpost", "pk": 42, "fields": {"member": 50, "signIn": "2020-08-13T09:30:02.665Z", "signOut": "2020-08-13T09:30:17.953Z", "duration": 0.25481503333333333}}, {"model": "logsheet.logpost", "pk": 43, "fields": {"member": 46, "signIn": "2020-08-13T09:31:08.094Z", "signOut": "2020-08-13T09:31:52.692Z", "duration": 0.7432949499999999}}, {"model": "logsheet.logpost", "pk": 44, "fields": {"member": 45, "signIn": "2020-08-13T09:32:39.032Z", "signOut": null, "duration": null}}, {"model": "logsheet.logpost", "pk": 45, "fields": {"member": 46, "signIn": "2020-08-13T09:36:21.718Z", "signOut": "2020-08-13T09:36:33.155Z", "duration": 0.19061506666666667}}, {"model": "logsheet.logpost", "pk": 46, "fields": {"member": 43, "signIn": "2020-08-13T09:40:09.782Z", "signOut": null, "duration": null}}, {"model": "logsheet.logpost", "pk": 47, "fields": {"member": 4, "signIn": "2020-08-13T09:40:15.028Z", "signOut": null, "duration": null}}, {"model": "logsheet.dailyaggregator", "pk": 2, "fields": {"summaryDate": "2020-08-09", "member": 32, "signInCount": 1, "signOutCount": 1, "totalDuration": 2.7051011, "createdAt": "2020-08-09T09:05:53.576Z", "updatedAt": "2020-08-09T09:05:53.576Z"}}, {"model": "logsheet.dailyaggregator", "pk": 4, "fields": {"summaryDate": "2020-08-09", "member": 39, "signInCount": 1, "signOutCount": 1, "totalDuration": 2.793352333333333, "createdAt": "2020-08-09T09:05:53.589Z", "updatedAt": "2020-08-09T09:05:53.589Z"}}, {"model": "logsheet.dailyaggregator", "pk": 12, "fields": {"summaryDate": "2020-08-10", "member": 4, "signInCount": 1, "signOutCount": 1, "totalDuration": 5.4453293, "createdAt": "2020-08-11T22:49:14.687Z", "updatedAt": "2020-08-11T22:49:14.687Z"}}, {"model": "logsheet.dailyaggregator", "pk": 13, "fields": {"summaryDate": "2020-08-10", "member": 43, "signInCount": 2, "signOutCount": 2, "totalDuration": 7.7458713333333336, "createdAt": "2020-08-11T22:49:14.690Z", "updatedAt": "2020-08-11T22:49:14.690Z"}}, {"model": "logsheet.dailyaggregator", "pk": 14, "fields": {"summaryDate": "2020-08-10", "member": 29, "signInCount": 1, "signOutCount": 1, "totalDuration": 2.8499373, "createdAt": "2020-08-11T22:49:14.693Z", "updatedAt": "2020-08-11T22:49:14.693Z"}}, {"model": "logsheet.dailyaggregator", "pk": 15, "fields": {"summaryDate": "2020-05-01", "member": 4, "signInCount": 1, "signOutCount": 1, "totalDuration": -62.45, "createdAt": "2020-08-12T04:59:21.363Z", "updatedAt": "2020-08-12T04:59:21.363Z"}}, {"model": "logsheet.dailyaggregator", "pk": 16, "fields": {"summaryDate": "2020-08-12", "member": 46, "signInCount": 1, "signOutCount": 1, "totalDuration": 13.258581349999998, "createdAt": "2020-08-12T05:03:01.356Z", "updatedAt": "2020-08-12T05:03:01.356Z"}}, {"model": "logsheet.dailyaggregator", "pk": 17, "fields": {"summaryDate": "2020-08-12", "member": 43, "signInCount": 1, "signOutCount": 1, "totalDuration": 13.087182166666667, "createdAt": "2020-08-12T05:03:01.362Z", "updatedAt": "2020-08-12T05:03:01.362Z"}}, {"model": "logsheet.dailyaggregator", "pk": 18, "fields": {"summaryDate": "2020-08-12", "member": 29, "signInCount": 1, "signOutCount": 1, "totalDuration": 13.859659466666667, "createdAt": "2020-08-12T05:03:01.365Z", "updatedAt": "2020-08-12T05:03:01.365Z"}}, {"model": "logsheet.dailyreport", "pk": 1, "fields": {"summaryDate": "2020-08-09", "signInCount": 7, "signOutCount": 7, "totalDuration": 15.622058566666666, "totalBillingUnits": 1.0414705711111112, "createdAt": "2020-08-09T09:22:46.948Z", "updatedAt": "2020-08-09T09:22:46.948Z"}}, {"model": "logsheet.dailyreport", "pk": 2, "fields": {"summaryDate": "2020-04-30", "signInCount": 11, "signOutCount": 10, "totalDuration": 292625.5606274, "totalBillingUnits": 19508.370708493334, "createdAt": "2020-08-11T09:46:54.309Z", "updatedAt": "2020-08-11T09:46:54.309Z"}}, {"model": "logsheet.dailyreport", "pk": 3, "fields": {"summaryDate": "2021-04-30", "signInCount": 0, "signOutCount": 0, "totalDuration": 0.0, "totalBillingUnits": 0.0, "createdAt": "2020-08-11T09:51:35.306Z", "updatedAt": "2020-08-11T09:51:35.306Z"}}, {"model": "logsheet.dailyreport", "pk": 4, "fields": {"summaryDate": "2020-08-10", "signInCount": 8, "signOutCount": 6, "totalDuration": 221.78956573333335, "totalBillingUnits": 14.78597104888889, "createdAt": "2020-08-11T22:49:14.695Z", "updatedAt": "2020-08-11T22:49:14.695Z"}}, {"model": "logsheet.dailyreport", "pk": 5, "fields": {"summaryDate": "2020-04-29", "signInCount": 0, "signOutCount": 0, "totalDuration": 0.0, "totalBillingUnits": 0.0, "createdAt": "2020-08-12T04:58:53.641Z", "updatedAt": "2020-08-12T04:58:53.641Z"}}, {"model": "logsheet.dailyreport", "pk": 6, "fields": {"summaryDate": "2020-05-01", "signInCount": 1, "signOutCount": 1, "totalDuration": -62.45, "totalBillingUnits": -4.163333333333333, "createdAt": "2020-08-12T04:59:21.366Z", "updatedAt": "2020-08-12T04:59:21.366Z"}}, {"model": "logsheet.dailyreport", "pk": 7, "fields": {"summaryDate": "2020-05-02", "signInCount": 0, "signOutCount": 0, "totalDuration": 0.0, "totalBillingUnits": 0.0, "createdAt": "2020-08-12T05:01:55.220Z", "updatedAt": "2020-08-12T05:01:55.220Z"}}, {"model": "logsheet.dailyreport", "pk": 8, "fields": {"summaryDate": "2020-08-12", "signInCount": 4, "signOutCount": 4, "totalDuration": 53.837434316666666, "totalBillingUnits": 3.5891622877777776, "createdAt": "2020-08-12T05:03:01.371Z", "updatedAt": "2020-08-12T05:03:01.371Z"}}, {"model": "logsheet.dailyreport", "pk": 9, "fields": {"summaryDate": "2020-08-11", "signInCount": 0, "signOutCount": 0, "totalDuration": 0.0, "totalBillingUnits": 0.0, "createdAt": "2020-08-12T05:06:32.572Z", "updatedAt": "2020-08-12T05:06:32.572Z"}}, {"model": "logsheet.dailyreport", "pk": 10, "fields": {"summaryDate": "2020-04-28", "signInCount": 0, "signOutCount": 0, "totalDuration": 0.0, "totalBillingUnits": 0.0, "createdAt": "2020-08-12T05:07:18.579Z", "updatedAt": "2020-08-12T05:07:18.579Z"}}, {"model": "logsheet.dailyreport", "pk": 11, "fields": {"summaryDate": "2020-08-08", "signInCount": 0, "signOutCount": 0, "totalDuration": 0.0, "totalBillingUnits": 0.0, "createdAt": "2020-08-12T05:08:24.115Z", "updatedAt": "2020-08-12T05:08:24.115Z"}}, {"model": "logsheet.dailyreport", "pk": 12, "fields": {"summaryDate": "2020-08-07", "signInCount": 0, "signOutCount": 0, "totalDuration": 0.0, "totalBillingUnits": 0.0, "createdAt": "2020-08-12T05:08:31.976Z", "updatedAt": "2020-08-12T05:08:31.976Z"}}, {"model": "logsheet.dailyreport", "pk": 13, "fields": {"summaryDate": "2020-08-06", "signInCount": 0, "signOutCount": 0, "totalDuration": 0.0, "totalBillingUnits": 0.0, "createdAt": "2020-08-12T05:08:40.602Z", "updatedAt": "2020-08-12T05:08:40.602Z"}}, {"model": "logsheet.dailyreport", "pk": 14, "fields": {"summaryDate": "2020-04-21", "signInCount": 0, "signOutCount": 0, "totalDuration": 0.0, "totalBillingUnits": 0.0, "createdAt": "2020-08-12T05:20:39.936Z", "updatedAt": "2020-08-12T05:20:39.936Z"}}, {"model": "admin.logentry", "pk": 1, "fields": {"action_time": "2020-04-30T08:12:56.461Z", "user": 2, "content_type": 3, "object_id": "2", "object_repr": "JeanHS2 Employee", "action_flag": 2, "change_message": "[{\"changed\": {\"fields\": [\"Ssn\", \"BirthDate\", \"Jobtitle\", \"Salary\"]}}]"}}, {"model": "admin.logentry", "pk": 2, "fields": {"action_time": "2020-04-30T08:13:05.667Z", "user": 2, "content_type": 3, "object_id": "1", "object_repr": "JeanHS Employee", "action_flag": 3, "change_message": ""}}, {"model": "admin.logentry", "pk": 3, "fields": {"action_time": "2020-04-30T08:13:41.642Z", "user": 2, "content_type": 2, "object_id": "3", "object_repr": "Test Member", "action_flag": 1, "change_message": "[{\"added\": {}}]"}}, {"model": "admin.logentry", "pk": 4, "fields": {"action_time": "2020-04-30T08:13:54.160Z", "user": 2, "content_type": 5, "object_id": "1", "object_repr": "LogPost object (1)", "action_flag": 1, "change_message": "[{\"added\": {}}]"}}, {"model": "admin.logentry", "pk": 5, "fields": {"action_time": "2020-04-30T08:14:11.461Z", "user": 2, "content_type": 4, "object_id": "1", "object_repr": "TimeSheet object (1)", "action_flag": 1, "change_message": "[{\"added\": {}}]"}}, {"model": "admin.logentry", "pk": 6, "fields": {"action_time": "2020-05-01T01:28:58.853Z", "user": 2, "content_type": 2, "object_id": "4", "object_repr": "Gringo Member", "action_flag": 1, "change_message": "[{\"added\": {}}]"}}, {"model": "admin.logentry", "pk": 7, "fields": {"action_time": "2020-05-01T01:29:14.028Z", "user": 2, "content_type": 5, "object_id": "15", "object_repr": "LogPost object (15)", "action_flag": 1, "change_message": "[{\"added\": {}}]"}}, {"model": "admin.logentry", "pk": 8, "fields": {"action_time": "2020-05-01T01:29:31.376Z", "user": 2, "content_type": 5, "object_id": "15", "object_repr": "LogPost object (15)", "action_flag": 2, "change_message": "[{\"changed\": {\"fields\": [\"SignOut\"]}}]"}}, {"model": "admin.logentry", "pk": 9, "fields": {"action_time": "2020-08-09T02:46:10.211Z", "user": 6, "content_type": 9, "object_id": "3", "object_repr": "jsuarez", "action_flag": 3, "change_message": ""}}, {"model": "admin.logentry", "pk": 10, "fields": {"action_time": "2020-08-09T02:46:10.213Z", "user": 6, "content_type": 9, "object_id": "4", "object_repr": "jsuarez100", "action_flag": 3, "change_message": ""}}, {"model": "admin.logentry", "pk": 11, "fields": {"action_time": "2020-08-09T02:46:10.215Z", "user": 6, "content_type": 9, "object_id": "5", "object_repr": "testing123", "action_flag": 3, "change_message": ""}}, {"model": "admin.logentry", "pk": 12, "fields": {"action_time": "2020-08-09T03:49:30.775Z", "user": 6, "content_type": 2, "object_id": "11", "object_repr": "Bob Member", "action_flag": 1, "change_message": "[{\"added\": {}}]"}}, {"model": "admin.logentry", "pk": 13, "fields": {"action_time": "2020-08-09T04:32:53.679Z", "user": 6, "content_type": 2, "object_id": "16", "object_repr": "firstName Member", "action_flag": 3, "change_message": ""}}, {"model": "admin.logentry", "pk": 14, "fields": {"action_time": "2020-08-09T04:33:14.000Z", "user": 6, "content_type": 2, "object_id": "21", "object_repr": "firstName Member", "action_flag": 3, "change_message": ""}}, {"model": "admin.logentry", "pk": 15, "fields": {"action_time": "2020-08-09T04:33:14.002Z", "user": 6, "content_type": 2, "object_id": "20", "object_repr": " Member", "action_flag": 3, "change_message": ""}}, {"model": "admin.logentry", "pk": 16, "fields": {"action_time": "2020-08-09T04:33:14.003Z", "user": 6, "content_type": 2, "object_id": "19", "object_repr": " Member", "action_flag": 3, "change_message": ""}}, {"model": "admin.logentry", "pk": 17, "fields": {"action_time": "2020-08-09T04:33:14.005Z", "user": 6, "content_type": 2, "object_id": "18", "object_repr": " Member", "action_flag": 3, "change_message": ""}}, {"model": "admin.logentry", "pk": 18, "fields": {"action_time": "2020-08-09T04:33:14.006Z", "user": 6, "content_type": 2, "object_id": "17", "object_repr": " Member", "action_flag": 3, "change_message": ""}}, {"model": "admin.logentry", "pk": 19, "fields": {"action_time": "2020-08-09T04:33:14.007Z", "user": 6, "content_type": 2, "object_id": "15", "object_repr": "firstName Member", "action_flag": 3, "change_message": ""}}, {"model": "admin.logentry", "pk": 20, "fields": {"action_time": "2020-08-09T04:33:14.009Z", "user": 6, "content_type": 2, "object_id": "14", "object_repr": "firstName Member", "action_flag": 3, "change_message": ""}}, {"model": "admin.logentry", "pk": 21, "fields": {"action_time": "2020-08-09T04:33:14.010Z", "user": 6, "content_type": 2, "object_id": "13", "object_repr": "firstName Member", "action_flag": 3, "change_message": ""}}, {"model": "admin.logentry", "pk": 22, "fields": {"action_time": "2020-08-09T04:33:14.011Z", "user": 6, "content_type": 2, "object_id": "12", "object_repr": " Member", "action_flag": 3, "change_message": ""}}, {"model": "admin.logentry", "pk": 23, "fields": {"action_time": "2020-08-09T04:33:14.013Z", "user": 6, "content_type": 2, "object_id": "11", "object_repr": "Bob Member", "action_flag": 3, "change_message": ""}}, {"model": "admin.logentry", "pk": 24, "fields": {"action_time": "2020-08-09T04:33:14.014Z", "user": 6, "content_type": 2, "object_id": "10", "object_repr": " Member", "action_flag": 3, "change_message": ""}}, {"model": "admin.logentry", "pk": 25, "fields": {"action_time": "2020-08-09T04:33:14.016Z", "user": 6, "content_type": 2, "object_id": "9", "object_repr": " Member", "action_flag": 3, "change_message": ""}}, {"model": "admin.logentry", "pk": 26, "fields": {"action_time": "2020-08-09T05:29:00.705Z", "user": 6, "content_type": 2, "object_id": "25", "object_repr": "Popol Member", "action_flag": 1, "change_message": "[{\"added\": {}}]"}}, {"model": "admin.logentry", "pk": 27, "fields": {"action_time": "2020-08-09T06:32:11.366Z", "user": 6, "content_type": 2, "object_id": "40", "object_repr": "Jean Member", "action_flag": 2, "change_message": "[]"}}, {"model": "admin.logentry", "pk": 28, "fields": {"action_time": "2020-08-13T08:43:53.259Z", "user": 6, "content_type": 2, "object_id": "47", "object_repr": "Gabby Lopez", "action_flag": 3, "change_message": ""}}, {"model": "admin.logentry", "pk": 29, "fields": {"action_time": "2020-08-13T08:43:53.260Z", "user": 6, "content_type": 2, "object_id": "38", "object_repr": "firstName lastName", "action_flag": 3, "change_message": ""}}, {"model": "admin.logentry", "pk": 30, "fields": {"action_time": "2020-08-13T08:43:53.261Z", "user": 6, "content_type": 2, "object_id": "37", "object_repr": "firstName lastName", "action_flag": 3, "change_message": ""}}, {"model": "admin.logentry", "pk": 31, "fields": {"action_time": "2020-08-13T08:43:53.262Z", "user": 6, "content_type": 2, "object_id": "36", "object_repr": "firstName lastName", "action_flag": 3, "change_message": ""}}, {"model": "admin.logentry", "pk": 32, "fields": {"action_time": "2020-08-13T08:43:53.264Z", "user": 6, "content_type": 2, "object_id": "35", "object_repr": "firstName lastName", "action_flag": 3, "change_message": ""}}, {"model": "admin.logentry", "pk": 33, "fields": {"action_time": "2020-08-13T08:43:53.265Z", "user": 6, "content_type": 2, "object_id": "34", "object_repr": "firstName lastName", "action_flag": 3, "change_message": ""}}, {"model": "admin.logentry", "pk": 34, "fields": {"action_time": "2020-08-13T08:43:53.266Z", "user": 6, "content_type": 2, "object_id": "33", "object_repr": "firstName lastName", "action_flag": 3, "change_message": ""}}, {"model": "admin.logentry", "pk": 35, "fields": {"action_time": "2020-08-13T08:43:53.267Z", "user": 6, "content_type": 2, "object_id": "28", "object_repr": " ", "action_flag": 3, "change_message": ""}}, {"model": "admin.logentry", "pk": 36, "fields": {"action_time": "2020-08-13T08:43:53.268Z", "user": 6, "content_type": 2, "object_id": "27", "object_repr": " ", "action_flag": 3, "change_message": ""}}, {"model": "admin.logentry", "pk": 37, "fields": {"action_time": "2020-08-13T08:43:53.270Z", "user": 6, "content_type": 2, "object_id": "26", "object_repr": " ", "action_flag": 3, "change_message": ""}}, {"model": "admin.logentry", "pk": 38, "fields": {"action_time": "2020-08-13T08:43:53.271Z", "user": 6, "content_type": 2, "object_id": "24", "object_repr": " ", "action_flag": 3, "change_message": ""}}, {"model": "admin.logentry", "pk": 39, "fields": {"action_time": "2020-08-13T08:43:53.272Z", "user": 6, "content_type": 2, "object_id": "23", "object_repr": " ", "action_flag": 3, "change_message": ""}}, {"model": "admin.logentry", "pk": 40, "fields": {"action_time": "2020-08-13T08:43:53.273Z", "user": 6, "content_type": 2, "object_id": "22", "object_repr": " ", "action_flag": 3, "change_message": ""}}, {"model": "auth.permission", "pk": 1, "fields": {"name": "Can add person", "content_type": 1, "codename": "add_person"}}, {"model": "auth.permission", "pk": 2, "fields": {"name": "Can change person", "content_type": 1, "codename": "change_person"}}, {"model": "auth.permission", "pk": 3, "fields": {"name": "Can delete person", "content_type": 1, "codename": "delete_person"}}, {"model": "auth.permission", "pk": 4, "fields": {"name": "Can view person", "content_type": 1, "codename": "view_person"}}, {"model": "auth.permission", "pk": 5, "fields": {"name": "Can add member", "content_type": 2, "codename": "add_member"}}, {"model": "auth.permission", "pk": 6, "fields": {"name": "Can change member", "content_type": 2, "codename": "change_member"}}, {"model": "auth.permission", "pk": 7, "fields": {"name": "Can delete member", "content_type": 2, "codename": "delete_member"}}, {"model": "auth.permission", "pk": 8, "fields": {"name": "Can view member", "content_type": 2, "codename": "view_member"}}, {"model": "auth.permission", "pk": 9, "fields": {"name": "Can add employee", "content_type": 3, "codename": "add_employee"}}, {"model": "auth.permission", "pk": 10, "fields": {"name": "Can change employee", "content_type": 3, "codename": "change_employee"}}, {"model": "auth.permission", "pk": 11, "fields": {"name": "Can delete employee", "content_type": 3, "codename": "delete_employee"}}, {"model": "auth.permission", "pk": 12, "fields": {"name": "Can view employee", "content_type": 3, "codename": "view_employee"}}, {"model": "auth.permission", "pk": 13, "fields": {"name": "Can add time sheet", "content_type": 4, "codename": "add_timesheet"}}, {"model": "auth.permission", "pk": 14, "fields": {"name": "Can change time sheet", "content_type": 4, "codename": "change_timesheet"}}, {"model": "auth.permission", "pk": 15, "fields": {"name": "Can delete time sheet", "content_type": 4, "codename": "delete_timesheet"}}, {"model": "auth.permission", "pk": 16, "fields": {"name": "Can view time sheet", "content_type": 4, "codename": "view_timesheet"}}, {"model": "auth.permission", "pk": 17, "fields": {"name": "Can add log post", "content_type": 5, "codename": "add_logpost"}}, {"model": "auth.permission", "pk": 18, "fields": {"name": "Can change log post", "content_type": 5, "codename": "change_logpost"}}, {"model": "auth.permission", "pk": 19, "fields": {"name": "Can delete log post", "content_type": 5, "codename": "delete_logpost"}}, {"model": "auth.permission", "pk": 20, "fields": {"name": "Can view log post", "content_type": 5, "codename": "view_logpost"}}, {"model": "auth.permission", "pk": 21, "fields": {"name": "Can add log entry", "content_type": 6, "codename": "add_logentry"}}, {"model": "auth.permission", "pk": 22, "fields": {"name": "Can change log entry", "content_type": 6, "codename": "change_logentry"}}, {"model": "auth.permission", "pk": 23, "fields": {"name": "Can delete log entry", "content_type": 6, "codename": "delete_logentry"}}, {"model": "auth.permission", "pk": 24, "fields": {"name": "Can view log entry", "content_type": 6, "codename": "view_logentry"}}, {"model": "auth.permission", "pk": 25, "fields": {"name": "Can add permission", "content_type": 7, "codename": "add_permission"}}, {"model": "auth.permission", "pk": 26, "fields": {"name": "Can change permission", "content_type": 7, "codename": "change_permission"}}, {"model": "auth.permission", "pk": 27, "fields": {"name": "Can delete permission", "content_type": 7, "codename": "delete_permission"}}, {"model": "auth.permission", "pk": 28, "fields": {"name": "Can view permission", "content_type": 7, "codename": "view_permission"}}, {"model": "auth.permission", "pk": 29, "fields": {"name": "Can add group", "content_type": 8, "codename": "add_group"}}, {"model": "auth.permission", "pk": 30, "fields": {"name": "Can change group", "content_type": 8, "codename": "change_group"}}, {"model": "auth.permission", "pk": 31, "fields": {"name": "Can delete group", "content_type": 8, "codename": "delete_group"}}, {"model": "auth.permission", "pk": 32, "fields": {"name": "Can view group", "content_type": 8, "codename": "view_group"}}, {"model": "auth.permission", "pk": 33, "fields": {"name": "Can add user", "content_type": 9, "codename": "add_user"}}, {"model": "auth.permission", "pk": 34, "fields": {"name": "Can change user", "content_type": 9, "codename": "change_user"}}, {"model": "auth.permission", "pk": 35, "fields": {"name": "Can delete user", "content_type": 9, "codename": "delete_user"}}, {"model": "auth.permission", "pk": 36, "fields": {"name": "Can view user", "content_type": 9, "codename": "view_user"}}, {"model": "auth.permission", "pk": 37, "fields": {"name": "Can add content type", "content_type": 10, "codename": "add_contenttype"}}, {"model": "auth.permission", "pk": 38, "fields": {"name": "Can change content type", "content_type": 10, "codename": "change_contenttype"}}, {"model": "auth.permission", "pk": 39, "fields": {"name": "Can delete content type", "content_type": 10, "codename": "delete_contenttype"}}, {"model": "auth.permission", "pk": 40, "fields": {"name": "Can view content type", "content_type": 10, "codename": "view_contenttype"}}, {"model": "auth.permission", "pk": 41, "fields": {"name": "Can add session", "content_type": 11, "codename": "add_session"}}, {"model": "auth.permission", "pk": 42, "fields": {"name": "Can change session", "content_type": 11, "codename": "change_session"}}, {"model": "auth.permission", "pk": 43, "fields": {"name": "Can delete session", "content_type": 11, "codename": "delete_session"}}, {"model": "auth.permission", "pk": 44, "fields": {"name": "Can view session", "content_type": 11, "codename": "view_session"}}, {"model": "auth.permission", "pk": 45, "fields": {"name": "Can add daily aggregator", "content_type": 12, "codename": "add_dailyaggregator"}}, {"model": "auth.permission", "pk": 46, "fields": {"name": "Can change daily aggregator", "content_type": 12, "codename": "change_dailyaggregator"}}, {"model": "auth.permission", "pk": 47, "fields": {"name": "Can delete daily aggregator", "content_type": 12, "codename": "delete_dailyaggregator"}}, {"model": "auth.permission", "pk": 48, "fields": {"name": "Can view daily aggregator", "content_type": 12, "codename": "view_dailyaggregator"}}, {"model": "auth.permission", "pk": 49, "fields": {"name": "Can add daily report", "content_type": 13, "codename": "add_dailyreport"}}, {"model": "auth.permission", "pk": 50, "fields": {"name": "Can change daily report", "content_type": 13, "codename": "change_dailyreport"}}, {"model": "auth.permission", "pk": 51, "fields": {"name": "Can delete daily report", "content_type": 13, "codename": "delete_dailyreport"}}, {"model": "auth.permission", "pk": 52, "fields": {"name": "Can view daily report", "content_type": 13, "codename": "view_dailyreport"}}, {"model": "auth.user", "pk": 1, "fields": {"password": "pbkdf2_sha256$180000$iuI4QvLZPYfm$XsCyjCn89N4jlNoW17vdfTjIFZaVVi0qNvx+makEGxk=", "last_login": "2020-04-30T21:24:28.705Z", "is_superuser": true, "username": "JeanHS", "first_name": "", "last_name": "", "email": "jeanhsuarez@gmail.com", "is_staff": true, "is_active": true, "date_joined": "2020-04-30T08:11:07.048Z", "groups": [], "user_permissions": []}}, {"model": "auth.user", "pk": 2, "fields": {"password": "pbkdf2_sha256$180000$JqxN0XNQJOgr$O2m0egctkNo9Wzpy18kL4hCSpbCEbgBt+nrSFlyoFnQ=", "last_login": "2020-04-30T21:24:45.521Z", "is_superuser": true, "username": "JeanHS2", "first_name": "", "last_name": "", "email": "jeanhsuarez@gmail.com", "is_staff": true, "is_active": true, "date_joined": "2020-04-30T08:11:54.584Z", "groups": [], "user_permissions": []}}, {"model": "auth.user", "pk": 6, "fields": {"password": "pbkdf2_sha256$216000$ymleh60Yy9AZ$twQ494VSx5NPgM0zyyEWdAd/Oe950l77Qz6BacbS3aM=", "last_login": "2020-08-13T08:43:14.138Z", "is_superuser": true, "username": "jeansuarez", "first_name": "", "last_name": "", "email": "jeanhsuarez@gmail.com", "is_staff": true, "is_active": true, "date_joined": "2020-08-09T02:44:46.003Z", "groups": [], "user_permissions": []}}, {"model": "auth.user", "pk": 7, "fields": {"password": "pbkdf2_sha256$216000$2uWaBIjhbaSF$uCm7UTIRcFHARdLfUc4cfWpIZmFEVUih+8y0fHe3hIU=", "last_login": "2020-08-13T08:20:32.603Z", "is_superuser": false, "username": "JeanHSuarez", "first_name": "", "last_name": "", "email": "jeanhsuarez@gmail.com", "is_staff": false, "is_active": true, "date_joined": "2020-08-10T03:57:35.201Z", "groups": [], "user_permissions": []}}, {"model": "contenttypes.contenttype", "pk": 1, "fields": {"app_label": "persons", "model": "person"}}, {"model": "contenttypes.contenttype", "pk": 2, "fields": {"app_label": "persons", "model": "member"}}, {"model": "contenttypes.contenttype", "pk": 3, "fields": {"app_label": "persons", "model": "employee"}}, {"model": "contenttypes.contenttype", "pk": 4, "fields": {"app_label": "logsheet", "model": "timesheet"}}, {"model": "contenttypes.contenttype", "pk": 5, "fields": {"app_label": "logsheet", "model": "logpost"}}, {"model": "contenttypes.contenttype", "pk": 6, "fields": {"app_label": "admin", "model": "logentry"}}, {"model": "contenttypes.contenttype", "pk": 7, "fields": {"app_label": "auth", "model": "permission"}}, {"model": "contenttypes.contenttype", "pk": 8, "fields": {"app_label": "auth", "model": "group"}}, {"model": "contenttypes.contenttype", "pk": 9, "fields": {"app_label": "auth", "model": "user"}}, {"model": "contenttypes.contenttype", "pk": 10, "fields": {"app_label": "contenttypes", "model": "contenttype"}}, {"model": "contenttypes.contenttype", "pk": 11, "fields": {"app_label": "sessions", "model": "session"}}, {"model": "contenttypes.contenttype", "pk": 12, "fields": {"app_label": "logsheet", "model": "dailyaggregator"}}, {"model": "contenttypes.contenttype", "pk": 13, "fields": {"app_label": "logsheet", "model": "dailyreport"}}, {"model": "sessions.session", "pk": "4ckeksnodc3p1ldq5e8xp0vgajnv720d", "fields": {"session_data": "OGJkMTYxMDFhMmMyMmRhMGYzOGFhZDUwYWExMGQ5NGY3OGE5ZmJkOTp7fQ==", "expire_date": "2020-05-14T21:24:28.702Z"}}, {"model": "sessions.session", "pk": "7cdmhi5wivbv9igupiu9pubbllru8wxr", "fields": {"session_data": ".eJxVjMsOwiAQRf-FtSE8Boou3fsNZBimUjU0Ke3K-O-WpAvdndxzct8i4raWuDVe4pTFRXhx-t0S0pNrF_mB9T5Lmuu6TEn2RB62yduc-XU92r-Dgq30W-TsPAdKztGQjCIFYAenKMMOENCM3nLYSetg4KwNokd0FsbMFsXnC9fHN2Y:1k68pO:_08z5Ytds40Q3o_AFX9kD4ujdvWXVrGRWUSbDu3qZJE", "expire_date": "2020-08-27T08:43:14.145Z"}}, {"model": "sessions.session", "pk": "fzs0wznxdtqs1gjk1smpousknjqpsqg0", "fields": {"session_data": "ZjRlYzEzN2Y4ZjM5NDBmNzNlNjYxYmM5ZDcwMDM1N2E3Y2EwMGQyODp7Il9hdXRoX3VzZXJfaWQiOiIyIiwiX2F1dGhfdXNlcl9iYWNrZW5kIjoiZGphbmdvLmNvbnRyaWIuYXV0aC5iYWNrZW5kcy5Nb2RlbEJhY2tlbmQiLCJfYXV0aF91c2VyX2hhc2giOiIyYzZjOGM5OGU0OGY3ZTQ0OWU5OWU2NjFjZDZjNmM3YjQ1ZDU5NDNjIn0=", "expire_date": "2020-05-14T21:24:45.535Z"}}]